MW3G_BLK,JCMU106Black
MW3J_BLK,JCMU107Black
MW3M_BLK,JCMU105Black
MW3K_BLK,JCMU109Black
MW3H_BLK,JCMU209Black
MW3E_BLK,JCMU103Black
MW3D_BLK,JCMU104Black
MYCJ1Z_BLK,JCMU181Black
MYCL1Z_BLK,JCMU202Black
MYEL1Z_51R,JCMU180Black/White Stripe
MYFB1Z_2DX,JCMU179Black Dot
MYFB1Z_P42,JCMU179Black JKY Print
MYEL1Z_91M,JCMU180Grey Marle Stripe
MYFB1Z_P93,JCMU179Black/White Print
MWAV1Z_NAV,JCMU130Navy
MWAV_BLK,JCMU130Black
M09344_BLK,JCMU127Black
M09344_Q16,JCMU127Grey
MWLG_32E,JCMU127Black & Grey Stripe
MWBJ_BLK,JCMU102Black
MW64_BLK,JCMU187Black
MW4J_BLK,JCMU123Black
MW4E_BLK,JCMU124Black
MW4N_BLK,JCMU122Black
MW4G_BLK,JCMU111Black
MW4C_BLK,JCMU112Black
MW4L_BLK,JCMU110Black
MW4K_BLK,JCMU118Black
MW4F_BLK,JCMU119Black
MW4H_BLK,JCMU116Black
MW4D_BLK,JCMU117Black
M09014_A33,JCMU136P4Blue Assorted
M09014_O85,JCMU136P4Black Assorted
MYFQ4Z_A35,JCMU137P4Black & Grey
MYFQ4Z_BLU,JCMU137P4Blue Assorted
M01135_WHI,JCMT094P2White
M01122_BLK,JCMT094Black
M01122_BLU,JCMT094Royal
M01122_TAN,JCMT094Tan
M01157_WHI,JCMT200White
MZU7_WHI,JCMT096White
M20467_WHI,JCMT097White
MWV7_A14,JCMU134P2Grey Stripe
MWV7_A12,JCMU134P2Black/Blue Stripe
NEW_BLK,JCMU135P2BLACK
NEW_NAV,JCMU135P2Navy
M00524_Z94,JCMU131Black/White Stripe
M00524_CB6,JCMU131Navy/White Stripe
MZLM_71R,JCMU131Black/Blue Stripe
M21727_Z94,JCMU133Black/White Stripe
MZLK_71R,JCMU133Black/Blue Stripe
MYBE3Z_WHI,JCMU142P3White
M41635_C42,JCMU142P2Royal
M41635_NAV,JCMU142P2Navy
M41635_TAN,JCMU142P2Tan
MX4U_BLK,JCMU203P2Black
M41621_WHI,JCMU144White
